term	estimate	std.error	statistic	p.value	conf.low	conf.high
PRS_SCORE	4.491849225067041	0.2984608683878384	15.05004407891106	1.398804083591317e-50	3.90679879663748	5.076899653496602
ECG_EVENT_AGE	0.1418174857221562	0.02102597594634211	6.744870539378134	1.625021140140406e-11	0.1006018439463905	0.1830331274979218
SEX_IMPUTED1	4.393728809325993	0.6230255998546574	7.052244418770247	1.889072256160553e-12	3.172458509851102	5.614999108800884
N14_CHRONKIDNEYDIS1	-0.7230766257594563	2.802956389712653	-0.2579692743038299	0.7964364583816783	-6.217501558343295	4.771348306824382
I9_CHD1	1.826415481458628	1.134117254184132	1.61042914629892	0.1073389120859665	-0.3967094093648171	4.049540372282073
E4_DIABETES1	2.919139096570253	0.8367833152121855	3.488524500312292	0.0004879926004129907	1.278855599065205	4.559422594075301
I9_HEARTFAIL1	22.10105605267594	1.750971633018836	12.62216682206992	3.204517651995035e-36	18.66875784353684	25.53335426181504
